<?xml version="1.0" encoding="UTF-8"?>
<vcs-root xmlns:xsi="http://www.w3.org/2001/XMLSchema-instance" uuid="04d53b27-8e12-4fdc-9384-a33bde2fa3ba" type="jetbrains.git" xsi:noNamespaceSchemaLocation="https://www.jetbrains.com/teamcity/schemas/2021.1/project-config.xsd">
  <name>https://github.com/sz-bytemonster/meetingmonster-service#refs/heads/main</name>
  <param name="agentCleanFilesPolicy" value="ALL_UNTRACKED" />
  <param name="agentCleanPolicy" value="ON_BRANCH_CHANGE" />
  <param name="authMethod" value="PASSWORD" />
  <param name="branch" value="refs/heads/main" />
  <param name="ignoreKnownHosts" value="true" />
  <param name="secure:password" value="zxx8a4d31201562d3bcce0b8fa10c36d2db" />
  <param name="submoduleCheckout" value="CHECKOUT" />
  <param name="teamcity:branchSpec" value="refs/heads/*" />
  <param name="url" value="https://github.com/sz-bytemonster/meetingmonster-service" />
  <param name="useAlternates" value="AUTO" />
  <param name="username" value="jack.zxzhou@gmail.com" />
  <param name="usernameStyle" value="USERID" />
</vcs-root>

