<?xml version="1.0" encoding="UTF-8"?>
<build-type xmlns:xsi="http://www.w3.org/2001/XMLSchema-instance" uuid="887bbe22-ec74-4adf-9a2e-74904cfb4f54" xsi:noNamespaceSchemaLocation="https://www.jetbrains.com/teamcity/schemas/2021.1/project-config.xsd">
  <name>Build and Deployment</name>
  <description />
  <settings>
    <parameters>
      <param name="env.JAVA_HOME" value="/opt/java/jdk-11" />
    </parameters>
    <build-runners>
      <runner id="RUNNER_5" name="" type="gradle-runner">
        <parameters>
          <param name="teamcity.coverage.emma.include.source" value="true" />
          <param name="teamcity.coverage.emma.instr.parameters" value="-ix -*Test*" />
          <param name="teamcity.coverage.idea.includePatterns" value="*" />
          <param name="teamcity.coverage.jacoco.patterns" value="+:*" />
          <param name="teamcity.step.mode" value="default" />
          <param name="teamcity.tool.jacoco" value="%teamcity.tool.jacoco.DEFAULT%" />
          <param name="ui.gradleRunner.gradle.tasks.names" value="clean build" />
          <param name="ui.gradleRunner.gradle.wrapper.useWrapper" value="true" />
        </parameters>
      </runner>
      <runner id="RUNNER_6" name="" type="gradle-runner">
        <parameters>
          <param name="teamcity.coverage.emma.include.source" value="true" />
          <param name="teamcity.coverage.emma.instr.parameters" value="-ix -*Test*" />
          <param name="teamcity.coverage.idea.includePatterns" value="*" />
          <param name="teamcity.coverage.jacoco.patterns" value="+:*" />
          <param name="teamcity.step.mode" value="default" />
          <param name="teamcity.tool.jacoco" value="%teamcity.tool.jacoco.DEFAULT%" />
          <param name="ui.gradleRunner.gradle.tasks.names" value="bootJar -Pprod jibDockerBuild -x test" />
          <param name="ui.gradleRunner.gradle.wrapper.useWrapper" value="true" />
        </parameters>
      </runner>
      <runner id="RUNNER_7" name="" type="simpleRunner">
        <parameters>
          <param name="script.content"><![CDATA[docker login -u bytesmonster --password 44191322-1d9a-45ba-9bb1-839070da6646 &&
docker image tag meetingapp bytesmonster/meetingmonster-service:prod-%build.number% &&
docker push bytesmonster/meetingmonster-service:prod-%build.number%]]></param>
          <param name="teamcity.step.mode" value="default" />
          <param name="use.custom.script" value="true" />
        </parameters>
      </runner>
      <runner id="RUNNER_8" name="" type="ssh-exec-runner">
        <parameters>
          <param name="jetbrains.buildServer.deployer.targetUrl" value="bytesmonster.xyz" />
          <param name="jetbrains.buildServer.deployer.username" value="jack" />
          <param name="jetbrains.buildServer.sshexec.authMethod" value="UPLOADED_KEY" />
          <param name="jetbrains.buildServer.sshexec.command"><![CDATA[cd /meetingmonster

sudo sh ./docker-compose-redeploy.sh %build.number%]]></param>
          <param name="teamcity.step.mode" value="default" />
          <param name="teamcitySshKey" value="jack" />
        </parameters>
      </runner>
    </build-runners>
    <vcs-settings>
      <vcs-entry-ref root-id="MeetingmonsterService_HttpsGithubComSzBytemonsterMeetingmonsterServiceRefsHeadsMain" />
    </vcs-settings>
    <requirements />
    <build-triggers>
      <build-trigger id="TRIGGER_2" type="vcsTrigger">
        <parameters>
          <param name="branchFilter" value="+:*" />
          <param name="enableQueueOptimization" value="true" />
          <param name="quietPeriodMode" value="DO_NOT_USE" />
        </parameters>
      </build-trigger>
    </build-triggers>
    <cleanup />
  </settings>
</build-type>

